horizon,mape,mse,mae
1,31.678999830336352,0.0001828785558110689,0.0032438372400828263
2,102.74500917420339,0.00024447238678760517,0.004566225730411684
3,102.8557063560785,0.0003334719632940991,0.0059706080627747946
5,227.13025053014934,0.0005827573868201343,0.008883831563961806
7,255.9314191972126,0.0009745943297898519,0.011826648293876502
10,261.7950010194034,0.0018386070495943995,0.016377923465870255
