horizon,mape,mse,mae
1,315.96081472199717,0.03794273230126713,0.16186877465361732
2,317.42982335290145,0.037937845989697294,0.1622153758315077
3,318.9334642118722,0.0379373431629369,0.1625821481784989
5,322.04670072043837,0.037949594437955224,0.16337412063305987
7,325.3047556294237,0.03797972391777071,0.1642402179127276
10,330.47307101631327,0.038059022994547866,0.16566725824644704
