{
  "1": {
    "actual_last_10": [
      0.237071488,
      0.233945366,
      0.230745482,
      0.22748187,
      0.224165787,
      0.220808742,
      0.217422097,
      0.214017149,
      0.21060522,
      0.20719769
    ],
    "forecast": [
      0.20328763053167745,
      0.1982720079488513,
      0.19175495112193422,
      0.18319883857783978,
      0.1718735416794408,
      0.15678749321181049,
      0.13659407356338782,
      0.10946447642538956,
      0.07291505126552607,
      0.023572821986264647,
      -0.043142955605917965,
      -0.13345326166615723,
      -0.25580663478460364,
      -0.42167679815748693,
      -0.6466458933089253,
      -0.9518755894133535,
      -1.3661049555874958,
      -1.9283637151904947,
      -2.6916570403559414,
      -3.7279697680517763,
      -5.135062485494676,
      -7.045701103055542,
      -9.640191278243838,
      -13.163401065209143,
      -17.94787889737959,
      -24.445249471000565,
      -33.268851613611076,
      -45.25164357681771,
      -61.52484258960863,
      -83.62472302911073
    ],
    "forecast_steps": 30
  },
  "2": {
    "actual_last_10": [
      0.588968089,
      0.590612098,
      0.592235949,
      0.593773033,
      0.595156136,
      0.596322231,
      0.59721978,
      0.597814845,
      0.598091096,
      0.598046003
    ],
    "forecast": [
      0.5979154703363146,
      0.5978112431325604,
      0.5977329622176213,
      0.5976802733244541,
      0.5976528270231288,
      0.5976502786547836,
      0.5976722882664809,
      0.5977185205469537,
      0.5977886447632288,
      0.5978823346981151,
      0.5979992685885462,
      0.5981391290647641,
      0.5983016030903334,
      0.5984863819029753,
      0.5986931609562084,
      0.5989216398617867,
      0.599171522332924,
      0.5994425161282929,
      0.5997343329967887,
      0.6000466886230473,
      0.6003793025737078,
      0.600731898244407,
      0.6011042028075,
      0.6014959471604927,
      0.6019068658751792,
      0.6023366971474737,
      0.6027851827479274,
      0.6032520679729203,
      0.6037371015965209,
      0.6042400358230017
    ],
    "forecast_steps": 30
  },
  "3": {
    "actual_last_10": [
      0.301416325,
      0.308153616,
      0.314921162,
      0.32170971,
      0.328506103,
      0.335291412,
      0.342039554,
      0.348716519,
      0.355280058,
      0.361679723
    ],
    "forecast": [
      0.36800553233815153,
      0.3742875152065322,
      0.38052682501995894,
      0.38672458483794636,
      0.39288188816359043,
      0.39899979972142763,
      0.4050793562148221,
      0.41112156706342057,
      0.41712741512119866,
      0.4230978573756103,
      0.4290338256283365,
      0.4349362271581188,
      0.4408059453661484,
      0.44664384040446975,
      0.4524507497878463,
      0.4582274889895231,
      0.46397485202131045,
      0.46969361199840093,
      0.47538452168932155,
      0.4810483140514128,
      0.48668570275221457,
      0.4922973826771309,
      0.49788403042373364,
      0.5034463047830575,
      0.5089848472082282,
      0.5145002822707577,
      0.5199932181048303,
      0.5254642468398968,
      0.5309139450218829,
      0.5363428740233133
    ],
    "forecast_steps": 30
  },
  "4": {
    "actual_last_10": [
      1.452896913,
      1.441305658,
      1.428924821,
      1.416006284,
      1.402759314,
      1.389369135,
      1.37598543,
      1.362692023,
      1.349503055,
      1.336379389
    ],
    "forecast": [
      1.3233964473881532,
      1.3105923228835983,
      1.297958267052561,
      1.2854859594689365,
      1.2731674867744787,
      1.260995322763443,
      1.2489623094415696,
      1.2370616390117342,
      1.2252868367409313,
      1.2136317446654723,
      1.2020905060933886,
      1.1906575508650385,
      1.179327581334823,
      1.1680955590387294,
      1.156956692014154,
      1.1459064227400857,
      1.1349404166673045,
      1.1240545513097284,
      1.1132449058694525,
      1.1025077513693733,
      1.0918395412685633,
      1.0812369025367778,
      1.0706966271656329,
      1.0602156640950886,
      1.0497911115349208,
      1.0394202096618572,
      1.0291003336739972,
      1.0188289871850371,
      1.008603795941676,
      0.9984225018483907
    ],
    "forecast_steps": 30
  },
  "5": {
    "actual_last_10": [
      0.23289369,
      0.231726606,
      0.230532271,
      0.229276938,
      0.227933734,
      0.226485408,
      0.224923143,
      0.223243044,
      0.221442979,
      0.219522599
    ],
    "forecast": [
      0.2175877653015445,
      0.21565587646351625,
      0.2137269066326448,
      0.21180083018262855,
      0.20987762171214217,
      0.2079572560428615,
      0.2060397082175058,
      0.20412495349789722,
      0.20221296736303715,
      0.20030372550719977,
      0.19839720383804196,
      0.1964933784747301,
      0.19459222574608318,
      0.1926937221887322,
      0.19079784454529583,
      0.18890456976257194,
      0.18701387498974514,
      0.18512573757661002,
      0.18324013507180992,
      0.18135704522109122,
      0.17947644596557302,
      0.17759831544003185,
      0.17572263197120158,
      0.17384937407608816,
      0.1719785204602993,
      0.17011005001638857,
      0.16824394182221428,
      0.16638017513931266,
      0.1645187294112853,
      0.1626595842622008
    ],
    "forecast_steps": 30
  }
}