{
  "1": {
    "actual_last_10": [
      0.237071488,
      0.233945366,
      0.230745482,
      0.22748187,
      0.224165787,
      0.220808742,
      0.217422097,
      0.214017149,
      0.21060522,
      0.20719769
    ],
    "forecast": [
      0.20719767841741876,
      0.20719767267255568,
      0.207197672672541,
      0.20719767267253617,
      0.20719767267253617,
      0.20719767267253617,
      0.20719767267253617,
      0.20719767267253617,
      0.20719767267253617,
      0.20719767267253617,
      0.20719767267253617,
      0.20719767267253617,
      0.20719767267253617,
      0.20719767267253617,
      0.20719767267253617,
      0.20719767267253617,
      0.20719767267253617,
      0.20719767267253617,
      0.20719767267253617,
      0.20719767267253617,
      0.20719767267253617,
      0.20719767267253617,
      0.20719767267253617,
      0.20719767267253617,
      0.20719767267253617,
      0.20719767267253617,
      0.20719767267253617,
      0.20719767267253617,
      0.20719767267253617,
      0.20719767267253617
    ],
    "forecast_steps": 30
  },
  "2": {
    "actual_last_10": [
      0.588968089,
      0.590612098,
      0.592235949,
      0.593773033,
      0.595156136,
      0.596322231,
      0.59721978,
      0.597814845,
      0.598091096,
      0.598046003
    ],
    "forecast": [
      0.5976933804193199,
      0.5970499200750358,
      0.59613488489667,
      0.5949697865323413,
      0.5935780509072874,
      0.5919846761589361,
      0.5902158871014572,
      0.58829879023967,
      0.5862610331795379,
      0.5841304720738355,
      0.5819348505007476,
      0.5797014929041912,
      0.5774570154317293,
      0.5752270566933345,
      0.5730360306362964,
      0.5709069033925577,
      0.5688609956089673,
      0.566917811422524,
      0.5650948948956579,
      0.5634077143848049,
      0.5618695749825743,
      0.560491558853083,
      0.5592824929745949,
      0.55824894351628,
      0.5573952358091518,
      0.5567234986271983,
      0.5562337312751888,
      0.5559238917860694,
      0.5557900043643329,
      0.5558262840730372
    ],
    "forecast_steps": 30
  },
  "3": {
    "actual_last_10": [
      0.301416325,
      0.308153616,
      0.314921162,
      0.32170971,
      0.328506103,
      0.335291412,
      0.342039554,
      0.348716519,
      0.355280058,
      0.361679723
    ],
    "forecast": [
      0.3679316835635516,
      0.3740729647176879,
      0.38011450700816524,
      0.3860628570066905,
      0.39192215083828863,
      0.39769519874765313,
      0.40338407817703686,
      0.40899045813218765,
      0.4145157766344094,
      0.4199613378491406,
      0.42532836529787643,
      0.430618031058074,
      0.43583147183347687,
      0.4409697978446103,
      0.446034097792362,
      0.4510254416731278,
      0.45594488241788816,
      0.46079345688685486,
      0.46557218651037136,
      0.47028207773501135,
      0.4749241223617951,
      0.47949929782406536,
      0.48400856743103376,
      0.4884528805912389,
      0.4928331730237206,
      0.497150366961196,
      0.5014053713475997,
      0.5055990820312963,
      0.5097323819547005,
      0.513806141340722
    ],
    "forecast_steps": 30
  },
  "4": {
    "actual_last_10": [
      1.452896913,
      1.441305658,
      1.428924821,
      1.416006284,
      1.402759314,
      1.389369135,
      1.37598543,
      1.362692023,
      1.349503055,
      1.336379389
    ],
    "forecast": [
      1.3230383260937857,
      1.3097700207427272,
      1.2964289628486279,
      1.2831606526032235,
      1.2698195997205648,
      1.256551284581489,
      1.2432102367095965,
      1.2299419166775236,
      1.216600873815723,
      1.2033325488913273,
      1.1899915110389445,
      1.1767231812229,
      1.163382148379261,
      1.1501138136722417,
      1.1367727858366725,
      1.1235044462393524,
      1.110163423411179,
      1.0968950789242318,
      1.0835540611027803,
      1.0702857117268798,
      1.0569446989114768,
      1.0436763446472967,
      1.0303353368372685,
      1.0170669776854826,
      1.0037259748801555,
      0.9904576108414369,
      0.9771166130401375,
      0.9638482441151598,
      0.9505072513172148,
      0.9372388775066512
    ],
    "forecast_steps": 30
  },
  "5": {
    "actual_last_10": [
      0.23289369,
      0.231726606,
      0.230532271,
      0.229276938,
      0.227933734,
      0.226485408,
      0.224923143,
      0.223243044,
      0.221442979,
      0.219522599
    ],
    "forecast": [
      0.21749548295443952,
      0.2153845994735944,
      0.21320483511155724,
      0.2109700821415897,
      0.20869327040950722,
      0.2063864000906404,
      0.20406057515265252,
      0.20172603734047703,
      0.19939220051312995,
      0.19706768517514398,
      0.19476035305785616,
      0.1924773416177561,
      0.19022509833056436,
      0.188009414670662,
      0.18583545967593373,
      0.18370781300802386,
      0.18163049742744078,
      0.17960701061188847,
      0.17764035625466282,
      0.17573307438793306,
      0.17388727088324635,
      0.17210464608865664,
      0.17038652256850076,
      0.16873387191803477,
      0.1671473406309192,
      0.16562727500291274,
      0.16417374506011562,
      0.16278656750471154,
      0.16146532767540292,
      0.1602094005236336
    ],
    "forecast_steps": 30
  }
}