{
  "1": {
    "actual_last_10": [
      0.237071488,
      0.233945366,
      0.230745482,
      0.22748187,
      0.224165787,
      0.220808742,
      0.217422097,
      0.214017149,
      0.21060522,
      0.20719769
    ],
    "forecast": [
      0.20719769,
      0.20719769,
      0.20719769,
      0.20719769,
      0.20719769,
      0.20719769,
      0.20719769,
      0.20719769,
      0.20719769,
      0.20719769,
      0.20719769,
      0.20719769,
      0.20719769,
      0.20719769,
      0.20719769,
      0.20719769,
      0.20719769,
      0.20719769,
      0.20719769,
      0.20719769,
      0.20719769,
      0.20719769,
      0.20719769,
      0.20719769,
      0.20719769,
      0.20719769,
      0.20719769,
      0.20719769,
      0.20719769,
      0.20719769
    ],
    "forecast_steps": 30,
    "error": "MultiHorizonARIMA_v3.forecast() got an unexpected keyword argument 'horizon'"
  },
  "2": {
    "actual_last_10": [
      0.588968089,
      0.590612098,
      0.592235949,
      0.593773033,
      0.595156136,
      0.596322231,
      0.59721978,
      0.597814845,
      0.598091096,
      0.598046003
    ],
    "forecast": [
      0.598046003,
      0.598046003,
      0.598046003,
      0.598046003,
      0.598046003,
      0.598046003,
      0.598046003,
      0.598046003,
      0.598046003,
      0.598046003,
      0.598046003,
      0.598046003,
      0.598046003,
      0.598046003,
      0.598046003,
      0.598046003,
      0.598046003,
      0.598046003,
      0.598046003,
      0.598046003,
      0.598046003,
      0.598046003,
      0.598046003,
      0.598046003,
      0.598046003,
      0.598046003,
      0.598046003,
      0.598046003,
      0.598046003,
      0.598046003
    ],
    "forecast_steps": 30,
    "error": "MultiHorizonARIMA_v3.forecast() got an unexpected keyword argument 'horizon'"
  },
  "3": {
    "actual_last_10": [
      0.301416325,
      0.308153616,
      0.314921162,
      0.32170971,
      0.328506103,
      0.335291412,
      0.342039554,
      0.348716519,
      0.355280058,
      0.361679723
    ],
    "forecast": [
      0.361679723,
      0.361679723,
      0.361679723,
      0.361679723,
      0.361679723,
      0.361679723,
      0.361679723,
      0.361679723,
      0.361679723,
      0.361679723,
      0.361679723,
      0.361679723,
      0.361679723,
      0.361679723,
      0.361679723,
      0.361679723,
      0.361679723,
      0.361679723,
      0.361679723,
      0.361679723,
      0.361679723,
      0.361679723,
      0.361679723,
      0.361679723,
      0.361679723,
      0.361679723,
      0.361679723,
      0.361679723,
      0.361679723,
      0.361679723
    ],
    "forecast_steps": 30,
    "error": "MultiHorizonARIMA_v3.forecast() got an unexpected keyword argument 'horizon'"
  },
  "4": {
    "actual_last_10": [
      1.452896913,
      1.441305658,
      1.428924821,
      1.416006284,
      1.402759314,
      1.389369135,
      1.37598543,
      1.362692023,
      1.349503055,
      1.336379389
    ],
    "forecast": [
      1.336379389,
      1.336379389,
      1.336379389,
      1.336379389,
      1.336379389,
      1.336379389,
      1.336379389,
      1.336379389,
      1.336379389,
      1.336379389,
      1.336379389,
      1.336379389,
      1.336379389,
      1.336379389,
      1.336379389,
      1.336379389,
      1.336379389,
      1.336379389,
      1.336379389,
      1.336379389,
      1.336379389,
      1.336379389,
      1.336379389,
      1.336379389,
      1.336379389,
      1.336379389,
      1.336379389,
      1.336379389,
      1.336379389,
      1.336379389
    ],
    "forecast_steps": 30,
    "error": "MultiHorizonARIMA_v3.forecast() got an unexpected keyword argument 'horizon'"
  },
  "5": {
    "actual_last_10": [
      0.23289369,
      0.231726606,
      0.230532271,
      0.229276938,
      0.227933734,
      0.226485408,
      0.224923143,
      0.223243044,
      0.221442979,
      0.219522599
    ],
    "forecast": [
      0.219522599,
      0.219522599,
      0.219522599,
      0.219522599,
      0.219522599,
      0.219522599,
      0.219522599,
      0.219522599,
      0.219522599,
      0.219522599,
      0.219522599,
      0.219522599,
      0.219522599,
      0.219522599,
      0.219522599,
      0.219522599,
      0.219522599,
      0.219522599,
      0.219522599,
      0.219522599,
      0.219522599,
      0.219522599,
      0.219522599,
      0.219522599,
      0.219522599,
      0.219522599,
      0.219522599,
      0.219522599,
      0.219522599,
      0.219522599
    ],
    "forecast_steps": 30,
    "error": "MultiHorizonARIMA_v3.forecast() got an unexpected keyword argument 'horizon'"
  }
}