Horizon,Naive,ARIMA_v2,ARIMA_v3,ARIMAX_v4,GBM,TFT,N-BEATS
1,1.0,0.1105600421559415,0.0972047328355117,0.1009962421998128,0.080919441722596,2.0008062873793535,0.15
2,1.0,0.1465434062239133,0.1337860235084125,0.1372612662365354,0.1071690661543818,1.9247499776503452,0.18
3,1.0,0.1712050246871192,0.1620272256467807,0.1639165143272737,0.1344758319431706,1.898604943479227,0.21
5,1.0,0.2345800192058732,0.2252522067180689,0.2272075326393834,0.1897553457545573,1.9123365500335232,0.28
7,1.0,0.2805133025922243,0.2735324616662054,0.2740035591018969,0.2243051443179753,1.97081734532022,0.34
10,1.0,0.3364750849728409,0.3288405958204703,0.3289719114146767,0.286093853668261,2.083121043249444,0.42
